slug,code_extraido,url_tiene_guionbajo,corpus_existe,titulo_sanity,titulo_corpus,precio_sanity,precio_corpus,estado
valley-of-fire-lost-city-museum-day-trip-vegas,5119,SI,NO,Valley of Fire Lost City Museum Day Trip Vegas,,160.99,,SIN_CORPUS
red-rock-canyon-spring-mountain-ranch-combo-tour-vegas,159353P5,no,si,Red Rock Canyon Spring Mountain Ranch Combo Tour Vegas,The Ultimate Red Rock Canyon Scenic Experience,165,165,OK
upper-antelope-canyon-horseshoe-bend-vegas-trip,60136P60,no,si,Upper Antelope Canyon Horseshoe Bend Vegas Trip,Upper Antelope Canyon & Horseshoe Bend from Las Vegas with Lunch,259,259,OK
valley-of-fire-photography-hiking-tour-small-group-vegas,26719P4,no,si,Valley of Fire Photography Hiking Tour Small Group Vegas,Photographer's Dream: Valley of Fire Hiking Tour,129,129,OK
death-valley-vip-small-group-desert-adventure-las-vegas,142926P7,no,si,Death Valley VIP Small Group Desert Adventure Las Vegas,Death Valley Small Group VIP Tour from Las Vegas,240,240,OK
lower-antelope-canyon-lake-powell-day-trip-vegas,326264P1,no,si,Lower Antelope Canyon Lake Powell Day Trip Vegas,Lower Antelope Canyon&Horseshoe Bend&Lake Powell with WiFi  Lunch,189,189,OK
hoover-dam-bridge-walk-boulder-city-historic-tour,60136P38,no,si,Hoover Dam Bridge Walk & Boulder City Historic Tour,Hoover Dam Highlights Tour from Las Vegas  WiFi,65,65,OK
grand-canyon-helicopter-landing-tour-from-las-vegas,5847LASWIN,no,si,Grand Canyon Helicopter Landing Tour from Las Vegas,Grand Canyon Deluxe Helicopter Tour with Landing from Las Vegas,505.25,505.25,OK
las-vegas-strip-walking-tour-insider-tips-hidden-spots,138742P1,no,si,Las Vegas Strip Walking Tour: Insider Tips & Hidden Spots,Must-See Spots: The Original Las Vegas Strip Walking Tour,49,49,OK
hoover-dam-kayak-adventure-colorado-river-tour,240046P2,no,si,Hoover Dam Kayak Adventure: Colorado River Tour,Hoover Dam and Hot Springs Kayak Tour with Lunch and Expert Guide,289,289,OK
1-hour-beginner-atv-adventure-with-training-las-vegas,18018P13,no,si,1-Hour Beginner ATV Adventure with Training Las Vegas,Las Vegas Beginner ATV Tour with Safety Training,90,90,OK
9-hour-atv-valley-fire-dune-buggy-combo-vegas-adventure,3611P1,no,si,9-Hour ATV Valley Fire Dune Buggy Combo Vegas Adventure,ATV Tour and Dune Buggy Chase Dakar Combo Adventure from Las Vegas,1158.26,1158.26,OK
red-rock-canyon-heli-tour-with-landing-champagne,5847NIGHT,SI,si,Red Rock Canyon Heli Tour with Landing & Champagne,Las Vegas Strip Helicopter Night Flight,257.1,99.94,SOSPECHOSO
las-vegas-party-bus-club-crawl-2-vip-venues-bonus-night,343687P5,no,si,Las Vegas Party Bus Club Crawl: 2 VIP Venues + Bonus Night,Las Vegas Nightclub VIP Entry with Party Bus,85,85,OK
strip-nightclub-crawl-3-venues-party-bus-transport,89557P6,no,si,Strip Nightclub Crawl: 3 Venues + Party Bus Transport,Las Vegas Strip Nightclub Crawl,99.99,99.99,OK
all-shook-up-elvis-show-alexis-park-live-band-vegas,61034P36,no,si,All Shook Up Elvis Show Alexis Park Live Band Vegas,All Shook Up: Elvis Tribute Show at Alexis Park Resort Hotel,37.95,37.95,OK
12-hour-grand-canyon-west-skywalk-hoover-dam-small-group,54567P1,no,si,12-Hour Grand Canyon West Skywalk Hoover Dam Small Group,Small Group Grand Canyon Skywalk & Hoover Dam Tour,195,195,OK
10-hour-west-rim-skywalk-luxury-mercedes-tour-from-vegas,50793P1,no,si,10-Hour West Rim Skywalk Luxury Mercedes Tour from Vegas,Small Group Tour: Grand Canyon West Rim  Skywalk & Hoover Dam,229.99,229.99,OK
7-day-southwest-parks-adventure-zion-bryce-monument-valley,5602SWH,SI,NO,7-Day Southwest Parks Adventure: Zion Bryce Monument Valley,,1995,,SIN_CORPUS
exclusive-grand-canyon-west-private-day-trip-vegas,60136P50,no,si,Exclusive Grand Canyon West Private Day Trip Vegas,Private Tour: Grand Canyon West,1074,1074,OK
6-hour-grand-canyon-west-small-group-tour-from-laughlin,215651P2,no,si,6-Hour Grand Canyon West Small Group Tour from Laughlin,Grand Canyon West Skywalk Western Ranch Joshua Forest,259,259,OK
3-canyon-southwest-adventure-grand-canyon-antelope-horsesho,237649P1,no,si,3-Canyon Southwest Adventure: Grand Canyon Antelope Horsesho,Grand Canyon  Antelope Canyon  and Horseshoe Bend Day Tour,346,346,OK
private-south-rim-grand-canyon-vegas-day-trip,60136P54,no,si,Private South Rim Grand Canyon Vegas Day Trip,Private Grand Canyon National Park South Rim Day Tour from Las Vegas,1197,1317,OK
spanish-grand-canyon-west-skywalk-day-trip-with-lunch,129718P6,no,si,Spanish Grand Canyon West Skywalk Day Trip with Lunch,Spanish Grand Canyon Tour with Skywalk Access and Lunch,209,209,OK
self-drive-audio-tour-3-destinations-grand-canyon-west,309754P2,no,si,Self-Drive Audio Tour: 3 Destinations Grand Canyon West,Audio Driving Tour: Grand Canyon West  Hoover Dam Red Rock Canyon,16.99,16.99,OK
17-hour-south-rim-antelope-horseshoe-multi-park-vegas-trip,209832P2,no,si,17-Hour South Rim Antelope Horseshoe Multi-Park Vegas Trip,One day Grand Canyon Antelope Horseshoe :Stargazing Daily tour,369,369,OK
vip-west-rim-skywalk-hoover-dam-luxury-limo-day-trip,3951WRV,no,si,VIP West Rim Skywalk Hoover Dam Luxury Limo Day Trip,VIP Luxury Grand Canyon West and Hoover Dam with Skywalk,290,290,OK
8-hour-black-canyon-kayak-hot-springs-emerald-cave,170456P2,no,si,8-Hour Black Canyon Kayak: Hot Springs & Emerald Cave,Hoover Dam Kayak Tour with Shuttle - Hot Springs and Emerald Cave,199,199,OK
black-canyon-raft-tour-hoover-dam-base-adventure,14684P3,no,si,Black Canyon Raft Tour: Hoover Dam Base Adventure,Hoover Dam 1.5‑Hour Raft Tour in Black Canyon,69,69,OK
7-hour-mountain-bike-adventure-hoover-dam-from-vegas,5145HDBIKE,no,si,7-Hour Mountain Bike Adventure: Hoover Dam from Vegas,Mountain Bike Historical Tunnel Trail to Hoover Dam from Las Vegas,207,207,OK
vip-hoover-dam-interior-comedy-club-tour-from-vegas,3431UHDT,no,si,VIP Hoover Dam Interior & Comedy Club Tour from Vegas,Ultimate VIP Hoover Dam Tour from Las Vegas with Lunch,59,59,OK
3-hour-luxury-suv-hoover-dam-interior-tour-from-vegas,166735P2,no,si,3-Hour Luxury SUV Hoover Dam Interior Tour from Vegas,Hoover Dam Tour by Luxury SUV,129,129,OK
5-hour-small-group-hoover-dam-lake-mead-bridge-tour,5119P15,no,si,5-Hour Small Group Hoover Dam & Lake Mead Bridge Tour,Small-Group Hoover Dam Tour from Las Vegas,114.99,114.99,OK
hoover-dam-power-plant-interior-tour-vegas-generator-room,60136P10,no,si,Hoover Dam Power Plant Interior Tour: Vegas Generator Room,Hoover Dam Inside Tour from Las Vegas  WiFi,85,85,OK
3-hour-emerald-cave-kayak-adventure-black-canyon-vegas,39939P2,no,si,3-Hour Emerald Cave Kayak Adventure Black Canyon Vegas,Emerald Cave and Black Canyon Kayak Tour with Vegas Pickup,149,149,OK
private-range-shooting-experience-with-military-instructor,35263P8,no,si,Private Range Shooting Experience with Military Instructor,Outdoor Shooting Experience with Transfer and Lunch in Las Vegas,99,99,OK
black-canyon-emerald-cave-self-drive-kayak-experience,39939P4,no,si,Black Canyon Emerald Cave Self-Drive Kayak Experience,Self‑Drive Emerald Cave Kayak Tour in Black Canyon,110,110,OK
small-group-colorado-river-emerald-cave-kayak-adventure,301052P1,no,si,Small Group Colorado River Emerald Cave Kayak Adventure,Small Group Guided Colorado River and Emerald Cave Kayak Tour,73.04,73.04,OK
black-canyon-sunset-kayak-with-bonfire-and-stars-vegas,39939P3,no,si,Black Canyon Sunset Kayak with Bonfire and Stars Vegas,Black Canyon Twilight Kayak Tour with Bonfire Experience,175,175,OK
6-hour-emerald-cave-kayak-with-optional-vegas-shuttle,170456P1,no,si,6-Hour Emerald Cave Kayak with Optional Vegas Shuttle,Emerald Cave Kayak Tour: Scenic Paddle with Optional Shuttle,89,89,OK
seal-team-military-shooting-range-vegas-experience,10559P14,no,si,Seal Team Military Shooting Range Vegas Experience,Seal Team 6 Shooting Range Experience in Las Vegas,239,239,OK
half-day-mojave-desert-atv-adventure-from-las-vegas,18018P8,no,si,Half-Day Mojave Desert ATV Adventure from Las Vegas,Half-Day Mojave Desert ATV Tour from Las Vegas,130,130,OK
5-hour-red-rock-canyon-horseback-desert-adventure-vegas,5116,SI,NO,5-Hour Red Rock Canyon Horseback Desert Adventure Vegas,,149,,SIN_CORPUS
2-hour-private-can-am-desert-off-road-experience-vegas,137397P1,no,si,2-Hour Private Can-Am Desert Off-Road Experience Vegas,Two Hour Off-Road Driving Adventure in Las Vegas,277.19,277.19,OK
7-hour-colorado-river-hot-springs-kayak-adventure-vegas,26719P5,no,si,7-Hour Colorado River Hot Springs Kayak Adventure Vegas,Colorado River Full-Day Kayak Tour incl Hot Springs and Caves,199,199,OK
sas-elite-forces-shooting-experience-las-vegas,10559P9,no,si,SAS Elite Forces Shooting Experience Las Vegas,Special Air Services Shooting Range Experience in Las Vegas,229,229,OK
5-hour-wild-west-horseback-ride-with-bbq-dinner-vegas,5052DINNER,no,si,5-Hour Wild West Horseback Ride with BBQ Dinner Vegas,Wild West Sunset Horseback Ride with Dinner from Las Vegas,159.99,159.99,OK
3-5-hour-apocalypse-12-gun-shooting-range-las-vegas,13920P7,no,si,3.5-Hour Apocalypse 12-Gun Shooting Range Las Vegas,Apocalypse Shooting Experience in Las Vegas,1295,1295,OK
6-hour-emerald-cave-kayak-with-strip-pickup-vegas,314844P1,no,si,6-Hour Emerald Cave Kayak with Strip Pickup Vegas,Half-Day Emerald Cave Kayak Tour with Optional Transportation,95,95,OK
3-5-hour-desert-storm-8-gun-shooting-adventure-vegas,126675P2,no,si,3.5-Hour Desert Storm 8-Gun Shooting Adventure Vegas,Desert Storm Shooting Experience with Lunch,499,499,OK
ghost-town-atv-desert-ride-with-figure-8-track-vegas,109398P1,no,si,Ghost Town ATV Desert Ride with Figure 8 Track Vegas,Las Vegas ATV Tours,105,105,SOSPECHOSO
joshua-tree-horseback-ride-buffalo-ranch-adventure-vegas,215651P4,no,si,Joshua Tree Horseback Ride Buffalo Ranch Adventure Vegas,Horseback Ride Joshua Tree Forest Buffalo Lunch Singing Cowboy,269,269,OK
9-hour-willow-beach-colorado-river-kayak-with-lunch-vegas,5145P7,no,si,9-Hour Willow Beach Colorado River Kayak with Lunch Vegas,Willow Beach Colorado River Kayak Day Trip with Lunch,218,218,OK
lake-mead-sunset-kayak-with-dinner-and-campfire-vegas,240046P6,no,si,Lake Mead Sunset Kayak with Dinner and Campfire Vegas,Lake Mead Sunset Kayak Tour with Dinner  Swim and Campfire,189,189,OK
24-hour-self-drive-atv-rental-mojave-desert-vegas,482338P1,no,si,24-Hour Self-Drive ATV Rental Mojave Desert Vegas,Las Vegas ATV Rentals,99,99,SOSPECHOSO
4-hour-emerald-cave-kayak-with-wildlife-and-swim-stops,412691P1,no,si,4-Hour Emerald Cave Kayak with Wildlife and Swim Stops,Emerald Cave Kayak Tour with Wildlife  Swim and Shuttle Option,129,129,OK
red-rock-canyon-guided-ebike-adventure-from-las-vegas,7079RREBIKE,no,si,Red Rock Canyon Guided eBike Adventure from Las Vegas,Red Rock Canyon eBike Half-Day Tour,137,137,OK
private-valley-of-fire-hiking-day-trip-from-las-vegas,56549P1,no,si,Private Valley of Fire Hiking Day Trip from Las Vegas,Private Valley of Fire Hiking and Sightseeing Adventure,180,180,OK
red-rock-canyon-half-day-tour-3-route-options-vegas,159353P1,no,si,Red Rock Canyon Half Day Tour 3 Route Options Vegas,Award Winning Red Rock Canyon Tours,95,95,OK
valley-of-fire-sunset-photography-tour-las-vegas,256446P5,no,si,Valley of Fire Sunset Photography Tour Las Vegas,Valley of Fire Sunset Tour from Las Vegas,128,128,OK
oatman-ghost-town-wild-burros-route-66-day-trip-laughlin,215651P3,no,si,Oatman Ghost Town Wild Burros Route 66 Day Trip Laughlin,Oatman Mining Camp & Burros: Historic Route 66 Tour from Laughlin,129,129,OK
valley-of-fire-small-group-adventure-from-las-vegas,3533VOF,no,si,Valley of Fire Small Group Adventure from Las Vegas,Valley of Fire Day Tour from Las Vegas,195.64,195.64,OK
red-rock-canyon-guided-hiking-experience-las-vegas,6321P2,no,si,Red Rock Canyon Guided Hiking Experience Las Vegas,Red Rock Canyon Hiking Adventure fom Las Vegas,139,139,OK
red-rock-canyon-tour-trekker-experience-las-vegas,3533RRC,no,si,Red Rock Canyon Tour Trekker Experience Las Vegas,Red Rock Canyon from Las Vegas,126.53,126.53,OK
bryce-canyon-zion-combo-day-trip-small-group-las-vegas,5119,SI,NO,Bryce Canyon Zion Combo Day Trip Small Group Las Vegas,,321.99,,SIN_CORPUS
death-valley-tour-trekker-adventure-las-vegas,3533DEATHVALLEY,no,si,Death Valley Tour Trekker Adventure Las Vegas,Death Valley Explorer Tour by Tour Trekker from Las Vegas,313.66,313.66,OK
valley-of-fire-desert-adventure-from-las-vegas,130144P3,no,si,Valley of Fire Desert Adventure from Las Vegas,Valley of Fire State Park Day Tour from Las Vegas,109,109,OK
kingman-wine-distillery-brewery-route-66-day-trip-vegas,215651P11,no,si,Kingman Wine Distillery Brewery Route 66 Day Trip Vegas,Scenic Desert Wine Distillery Brewery Route 66 Tour,159,159,OK
antelope-canyon-x-horseshoe-bend-adventure-las-vegas,142926P1,no,si,Antelope Canyon X Horseshoe Bend Adventure Las Vegas,Antelope Canyon and Horseshoe Bend Day Trip from Las Vegas,249.99,249.99,OK
bryce-zion-utah-parks-adventure-las-vegas,190492P3,no,si,Bryce Zion Utah Parks Adventure Las Vegas,Small Group Bryce Canyon & Zion National Park Tour from Las Vegas,249,249,OK
joshua-tree-self-guided-audio-adventure-from-vegas,309754P41,no,si,Joshua Tree Self-Guided Audio Adventure from Vegas,Self-Guided Driving Audio Tour in Joshua Tree National Park,19.99,19.99,OK
red-rock-canyon-private-wedding-limo-package-las-vegas,2596P2,no,si,Red Rock Canyon Private Wedding Limo Package Las Vegas,Red Rock Canyon Wedding by Private Limousine,800.99,800.99,OK
lower-antelope-horseshoe-bend-bilingual-day-trip-vegas,150592P4,no,si,Lower Antelope Horseshoe Bend Bilingual Day Trip Vegas,Lower Antelope and Horseshoe Bend Tour from Las Vegas,279,279,OK
upper-antelope-lake-powell-day-trip-las-vegas,326264P8,no,si,Upper Antelope Lake Powell Day Trip Las Vegas,Upper Antelope Canyon&Horseshoe Bend&Lake Powell with WiFi  Lunch,189,189,OK
sunset-grand-canyon-heli-tour-with-strip-flyover,5847SUNSET,no,si,Sunset Grand Canyon Heli Tour with Strip Flyover,Sunset Grand Canyon Helicopter Tour from Las Vegas,676.01,676.01,OK
grand-canyon-ranch-overnight-helicopter-ground-adventure,5516P7,no,si,Grand Canyon Ranch Overnight Helicopter & Ground Adventure,Grand Canyon Western Ranch Overnight Stay by Helicopter & Ground,999,999,OK
grand-canyon-west-helicopter-with-canyon-floor-landing,6613GRANDCELE,no,si,Grand Canyon West Helicopter with Canyon Floor Landing,Grand Canyon West Rim Helicopter Tour with Champagne Toast,479,479,OK
red-rock-canyon-helicopter-flight-from-vegas,5516P11,no,si,Red Rock Canyon Helicopter Flight from Vegas,Red Rock Canyon Helicopter Air-Only Tour in Las Vegas,229,229,OK
strip-night-heli-flight-with-optional-brazilian-dinner,5516ST5,no,si,Strip Night Heli Flight with Optional Brazilian Dinner,Las Vegas Helicopter Night Strip Flight Tour with Optional Dinner,99,99,OK
arts-district-bar-crawl-speakeasies-hidden-venues,89557P5,no,si,Arts District Bar Crawl: Speakeasies & Hidden Venues,Arts District Bar Crawl - Speakeasies & Hidden Gems,99,99,OK
private-strip-party-bus-champagne-toast-welcome-sign,76093P10,no,si,Private Strip Party Bus: Champagne Toast & Welcome Sign,Private Party Bus Tour of the Las Vegas Strip Champagne Toast,289,289,OK
all-motown-live-show-alexis-park-duchesses-vegas,61034P25,no,si,All Motown Live Show Alexis Park Duchesses Vegas,All Motown – Motown Magic in Vegas,44.95,44.95,OK
spirit-of-the-king-elvis-tribute-show-las-vegas-theater,313579P29,no,si,Spirit of the King Elvis Tribute Show Las Vegas Theater,Elvis Show the Spirit of the King,40.88,40.88,OK
holiday-magic-cabaret-show-las-vegas-theater-christmas,277735P4,no,si,Holiday Magic Cabaret Show Las Vegas Theater Christmas,Magic of Christmas Show at Las Vegas Magic Theater on Las Vegas Blvd,55,55,OK
vegas-the-show-planet-hollywood-live-orchestra-revue,3072LASVEG,no,si,VEGAS! THE SHOW Planet Hollywood Live Orchestra Revue,VEGAS! The SHOW at Planet Hollywood Resort and Casino,49,49,OK
king-of-diamonds-neil-diamond-tribute-alexis-park-vegas,61034P42,no,si,King of Diamonds Neil Diamond Tribute Alexis Park Vegas,King of Diamonds: The Neil Diamond Tribute Show in Las Vegas,44.95,44.95,OK
tournament-of-kings-medieval-dinner-show-excalibur-vegas,5156LASTOU,no,si,Tournament of Kings Medieval Dinner Show Excalibur Vegas,Tournament of Kings Dinner and Show at Excalibur Hotel and Casino,79.6,79.6,OK
myst-re-cirque-du-soleil-original-las-vegas-show-theater,76311P1,no,si,Mystère Cirque du Soleil Original Las Vegas Show Theater,Mystère by Cirque du Soleil at Treasure Island Hotel & Casino,89.79,89.79,OK
v-ultimate-variety-show-planet-hollywood-7-acts-vegas,3072LASVTH,no,si,V Ultimate Variety Show Planet Hollywood 7 Acts Vegas,V - The Ultimate Variety Show at Planet Hollywood Resort and Casino,35.1,35.1,OK
k-cirque-du-soleil-epic-adventure-show-mgm-grand-vegas,5156LASKA,no,si,KÀ Cirque du Soleil Epic Adventure Show MGM Grand Vegas,KÀ™ by Cirque du Soleil® at the MGM Grand Hotel and Casino,95.25,95.25,OK
purple-reign-prince-tribute-show-planet-hollywood-vegas,6920LASPUR,no,si,Purple Reign Prince Tribute Show Planet Hollywood Vegas,Purple Reign: The Prince Tribute Show at Planet Hollywood,54.19,54.19,OK
rouge-adult-burlesque-show-strat-theater-vegas,9412P14,no,si,Rouge Adult Burlesque Show STRAT Theater Vegas,Rouge: The Sexiest Show in Vegas at the STRAT Hotel and Casino,83.2,83.2,OK
heavy-equipment-playground-vegas-real-bulldozer-experience,5662DIG,no,si,Heavy Equipment Playground Vegas: Real Bulldozer Experience,Las Vegas Heavy Equipment Playground: Dig  Push  and Play!,27.5,27.5,OK
elvis-chapel-wedding-vegas-30-min-tribute-artist-ceremony,66229P3,no,si,Elvis Chapel Wedding Vegas: 30-Min Tribute Artist Ceremony,Elvis Wedding at The Little Vegas Chapel,349,349,OK
strip-food-tour-vegas-4-tastings-casino-walk,324012P2,no,si,Strip Food Tour Vegas: 4 Tastings & Casino Walk,Best Bites on The Las Vegas Strip: A Traveler's Guide to Sin City,99,99,OK
downtown-vegas-segway-tour-historic-district-ride,6783NFSFT,no,si,Downtown Vegas Segway Tour: Historic District Ride,2-Hour Guided Segway Tour of Downtown Las Vegas,89.1,89.1,OK
vegas-desert-utv-rental-self-drive-adventure,378119P2,no,si,Vegas Desert UTV Rental: Self-Drive Adventure,Self-Guided Fear and Loathing UTV Rental,109,109,OK
vegas-true-crime-walk-downtown-mob-history-mystery-tour,5606549P1,no,si,Vegas True Crime Walk: Downtown Mob History & Mystery Tour,Vegas Underworld: Las Vegas True Crime & Mob Walking Tour,40,40,OK
vegas-elvis-wedding-limo-chapel-package,66229P2,no,si,Vegas Elvis Wedding: Limo & Chapel Package,Elvis Wedding at The Little Vegas Chapel including Limousine Transportation,565,565,OK
vegas-drifting-ride-along-30-min-speedway-experience,7106P5,no,si,Vegas Drifting Ride-Along: 30-Min Speedway Experience,Ride-Along Drifting Experience at the Las Vegas Motor Speedway,99,99,OK
the-cabin-escape-room-vegas-puzzle-challenge,222766P1,no,si,The Cabin Escape Room Vegas: Puzzle Challenge,The Cabin Escape room experience in Las Vegas,41.03,41.03,OK
graceland-chapel-elvis-wedding-limo-package-vegas,2084,SI,NO,Graceland Chapel Elvis Wedding: Limo Package Vegas,,183,,SIN_CORPUS
vegas-wreck-room-30-min-destruction-therapy-experience,65848P1,no,si,Vegas Wreck Room: 30-Min Destruction Therapy Experience,Wreck Room - A Destruction Experience  Standard Wrecking,77.58,77.58,OK
vegas-rzr-desert-adventure-pioneer-saloon-experience,32338P3,no,si,Vegas RZR Desert Adventure: Pioneer Saloon Experience,Las Vegas Desert RZR Adventure Tour at the Pioneer Saloon,184.99,184.99,OK
fremont-street-night-walk-downtown-vegas-history-tour,6756NIGHT,no,si,Fremont Street Night Walk: Downtown Vegas History Tour,Downtown Las Vegas Nighttime Walking Tour,37,37,OK
black-canyon-river-float-colorado-adventure,14684P1,no,si,Black Canyon River Float: Colorado Adventure,3-Hour Black Canyon Motorized Raft Tour with Optional Transport,140,140,OK
downtown-vegas-segway-food-tour-hidden-eats-tastings,6783P11,no,si,Downtown Vegas Segway Food Tour: Hidden Eats & Tastings,Downtown Las Vegas Food Tour by Segway,139,139,OK
private-downtown-vegas-gocar-tour-self-drive,377560P4,no,si,Private Downtown Vegas GoCar Tour: Self-Drive,Private 1-Hour Downtown Las Vegas Highlights by Talking GoCar,52,52,OK
red-riding-hood-escape-room-vegas-60-min-puzzle-game,222766P2,no,si,Red Riding Hood Escape Room Vegas: 60-Min Puzzle Game,Red Riding Hood Escape Games in Las Vegas,41.03,41.03,OK
vegas-strip-limo-photo-tour-private-photographer-experience,6238NIGHT,no,si,Vegas Strip Limo Photo Tour: Private Photographer Experience,Las Vegas Strip by Super Stretch Limo with Personal Photographer,599.99,599.99,OK
boulder-city-ghost-walk-ufo-hoover-dam-paranormal-tour,322196P1,no,si,Boulder City Ghost Walk: UFO & Hoover Dam Paranormal Tour,Haunted Boulder City Ghost and UFO Tour,19.95,19.95,OK
private-downtown-vegas-food-walk-6-dishes-local-gems,7812P204,no,si,Private Downtown Vegas Food Walk: 6 Dishes & Local Gems,Private: Downtown Las Vegas Food Tour of 6 Dishes & Hidden Gems,490,490,OK
vegas-private-sidecar-tour-strip-downtown-ride,361970P2,no,si,Vegas Private Sidecar Tour: Strip & Downtown Ride,2-Hour Private Guided Sidecar Tour in Las Vegas,161,161,OK
vegas-airport-sedan-transfer-private-luxury-service,5555066P1,no,si,Vegas Airport Sedan Transfer: Private Luxury Service,Las Vegas Airport Round Trip Service,227.39,227.39,OK
play-playground-luxor-adult-gaming-obstacle-course,5580761P3,no,si,Play Playground Luxor: Adult Gaming & Obstacle Course,Play Playground Entry Ticket with Play Pass at the Luxor Hotel,39.75,39.75,OK
vegas-magic-theater-witches-warlocks-intimate-show,277735P3,no,si,Vegas Magic Theater: Witches & Warlocks Intimate Show,Witches and Warlocks of Las Vegas Underworld 810 S Las Vegas Blvd,89,89,OK
vegas-strip-bar-crawl-hidden-speakeasies-local-gems,138742P3,no,si,Vegas Strip Bar Crawl: Hidden Speakeasies & Local Gems,Bar-hop on the Vegas Strip like a local,49,49,OK
vegas-strip-military-hummer-tour-small-group-adventure,386578P1,no,NO,Vegas Strip Military Hummer Tour: Small Group Adventure,,79,,SIN_CORPUS
mj-live-harrah-s-vegas-michael-jackson-tribute-show,5084P50,no,si,MJ Live Harrah's Vegas: Michael Jackson Tribute Show,MJ Live at Harrahs Hotel and Casino in Las Vegas,64.92,64.92,OK
piano-man-vegas-elton-john-billy-joel-tribute-show,3072P42,no,si,Piano Man Vegas: Elton John & Billy Joel Tribute Show,Piano Man at Planet Hollywood Resort and Casino,42.63,42.63,SOSPECHOSO
vegas-gps-gocar-tour-self-drive-strip-experience,377560P2,no,si,Vegas GPS GoCar Tour: Self-Drive Strip Experience,The Ultimate Las Vegas Tour by GPS Guided Talking GoCar,52,52,OK
vegas-fremont-street-segway-experience-downtown,6783FREMONT,no,si,Vegas Fremont Street Segway Experience: Downtown,Las Vegas Segway Tour: Fremont Street Experience,72,72,OK
vegas-private-photo-session-strip-fremont-experience,37094P41,no,si,Vegas Private Photo Session: Strip & Fremont Experience,Personal Travel and Vacation Photographer Tour in Las Vegas,220,220,SOSPECHOSO
vegas-sign-wedding-45-min-outdoor-ceremony-photos,433254P3,no,si,Vegas Sign Wedding: 45-Min Outdoor Ceremony & Photos,Get Married at the Fabulous Las Vegas Sign + Photos,249,249,OK
grand-canyon-west-eagle-point-bus-tour-optional-upgrades,132218P75,no,si,Grand Canyon West Eagle Point Bus Tour Optional Upgrades,Grand Canyon West  Hoover Dam Stop and Optional Lunch and Skywalk,94,94,OK
high-roller-observation-wheel-linq-admission-ticket,5084LASHIG,no,si,High Roller Observation Wheel: LINQ Admission Ticket,High Roller Wheel Admission Ticket at The LINQ,22.47,22.47,OK
vegas-axe-throwing-fremont-street-weapon-experience,62283P1,no,si,Vegas Axe Throwing: Fremont Street Weapon Experience,Fremont Street Axe Throwing: Unleash Your Inner Viking,40,40,OK
grand-canyon-west-vip-skywalk-heli-river-adventure,6613HELIBOAT,no,si,Grand Canyon West VIP Skywalk Heli & River Adventure,Grand Canyon West Helicopter Tour with VIP Skywalk and Boat Ride,819,819,OK
wizard-of-oz-sphere-las-vegas-4d-show-experience,5618292P2,no,si,Wizard of Oz Sphere Las Vegas 4D Show Experience,The Wizard of Oz at Sphere in Las Vegas,106.45,106.45,OK
suzy-s-cell-escape-room-vegas-60-min-prison-break-game,222766P4,no,si,Suzy's Cell Escape Room Vegas: 60-Min Prison Break Game,Suzys Cell Escape Game,41.03,41.03,OK
self-guided-emerald-cave-kayak-adventure-colorado-river,140793P1,no,si,Self-Guided Emerald Cave Kayak Adventure Colorado River,Self-Guided Emerald Cave Kayak Tour on Colorado River,79,79,OK
vegas-vip-club-crawl-4-venues-express-entry-party-bus,5526300P24,no,si,Vegas VIP Club Crawl: 4 Venues  Express Entry & Party Bus,Las Vegas: VIP Club Crawl with Party Bus  Express Entry & Drinks,99,99,OK
grand-canyon-west-multi-stop-vip-day-trip-from-las-vegas,73781P4,no,si,Grand Canyon West Multi-Stop VIP Day Trip from Las Vegas,Small Group Grand Canyon  Hoover Dam  7 Magic Mountains VIP Tour,189.99,189.99,OK
private-grand-canyon-west-skywalk-hoover-dam-day-tour-vegas,110263P2,no,si,Private Grand Canyon West Skywalk Hoover Dam Day Tour Vegas,Private All-Access Tour: Grand Canyon & Hoover Dam from Vegas,629,629,OK
4-hour-outdoor-shooting-range-experience-las-vegas,223210P1,no,si,4-Hour Outdoor Shooting Range Experience Las Vegas,Outdoor Shooting Experience with Instructor in Las Vegas,199,199,OK
red-rock-canyon-electric-scooter-adventure-las-vegas,14272P1,no,si,Red Rock Canyon Electric Scooter Adventure Las Vegas,Scooter Tours of Red Rock Canyon,124.99,124.99,OK
death-valley-small-group-day-trip-from-las-vegas,314757P3,no,si,Death Valley Small Group Day Trip from Las Vegas,Best of Death Valley Small Group Day Tour from Las Vegas,199,199,OK
zion-national-park-hiking-adventure-from-las-vegas,132218P432,no,si,Zion National Park Hiking Adventure from Las Vegas,Zion National Park Small Group Hiking Day Tour from Las Vegas,148,148,OK
fremont-street-bar-crawl-3-venues-drink-specials,89557P1,no,si,Fremont Street Bar Crawl: 3 Venues + Drink Specials,Bar Crawl On Fremont Street in Las Vegas,99.99,99.99,OK
las-vegas-club-crawl-party-bus-vip-entry,5511888P8,no,si,Las Vegas Club Crawl: Party Bus & VIP Entry,Las Vegas Club Crawl with Party Bus and Free Drinks,99,99,OK
nathan-burton-family-magic-show-las-vegas-strip,439678P1,no,si,Nathan Burton Family Magic Show Las Vegas Strip,Nathan Burton Comedy Magic,25,25,OK
hypnosis-unleashed-comedy-show-four-queens-fremont-street,16590P1,no,si,Hypnosis Unleashed Comedy Show Four Queens Fremont Street,Hypnosis Unleashed Vegas' Comedy Hypnosis Show,37.5,37.5,OK
downtown-vegas-food-tour-6-dishes-secret-bites-walk,7812P223,no,si,Downtown Vegas Food Tour: 6 Dishes & Secret Bites Walk,Downtown Las Vegas Food Tour of 6 Iconic Dishes & Hidden Gems,139.99,139.99,OK
valley-of-fire-guided-hiking-adventure-from-las-vegas,6321VFH,no,si,Valley of Fire Guided Hiking Adventure from Las Vegas,Valley of Fire Guided Hike from Las Vegas,128.99,128.99,OK
3-day-southwest-parks-tour-6-destinations-from-vegas,73781P2,no,si,3-Day Southwest Parks Tour: 6 Destinations from Vegas,Grand Canyon  Bryce  Zion  Antelope Canyon  Monument Valley 3 Day Tour,799.99,799.99,SOSPECHOSO
late-start-grand-canyon-west-small-group-day-trip-vegas,73781P7,no,si,Late Start Grand Canyon West Small Group Day Trip Vegas,Small Group Late Departure Grand Canyon Tour,179.99,179.99,OK
grand-canyon-west-hoover-dam-wifi-combo-tour-from-vegas,60136P20,no,si,Grand Canyon West Hoover Dam WiFi Combo Tour from Vegas,Grand Canyon + Hoover Dam View + WiFi (Skywalk/Lunch options),99,99,OK
3-hour-west-rim-skywalk-tour-with-lunch-from-laughlin,472036P1,no,si,3-Hour West Rim Skywalk Tour with Lunch from Laughlin,Grand Canyon West Rim including Skywalk and Lunch,375,375,OK
3-day-zion-bryce-monument-valley-grand-canyon-adventure,5602GCZMV,SI,NO,3-Day Zion Bryce Monument Valley Grand Canyon Adventure,,875,,SIN_CORPUS
3-day-winter-southwest-parks-zion-monument-valley-canyon,5602GCZMVWINTER,no,si,3-Day Winter Southwest Parks: Zion Monument Valley Canyon,PREMIUM 3-Day Winter Grand Canyon  Monument Valley and Zion Tour,910,910,OK
south-rim-national-park-day-trip-from-vegas,60136P36,no,si,South Rim National Park Day Trip from Vegas,Grand Canyon National Park South from Las Vegas with Lunch  WiFi,79,79,OK
grand-canyon-west-hoover-dam-ihop-breakfast-combo,43493P2,no,si,Grand Canyon West Hoover Dam IHOP Breakfast Combo,Grand Canyon West & Hoover Dam Tour With Breakfast At IHOP,145,145,OK
grand-canyon-west-hoover-dam-spanish-guide-day-trip-vegas,110263P14,no,si,Grand Canyon West Hoover Dam Spanish Guide Day Trip Vegas,Grand Canyon Tour with Hoover Dam and Joshua Tree,239,239,OK
48-hour-grand-circle-6-parks-monument-valley-antelope,305932P13,no,si,48-Hour Grand Circle: 6 Parks Monument Valley Antelope,2-Day Grand Canyon  Antelope Canyon  Monument Valley and Sedona,749,749,OK
grand-canyon-atv-horseback-combo-adventure-from-vegas,336407P8,no,si,Grand Canyon ATV Horseback Combo Adventure from Vegas,Grand Canyon ATV Tour + Horseback Riding Tour,600,600,OK
south-rim-national-park-small-group-day-trip-from-vegas,3533STHRIM,no,si,South Rim National Park Small Group Day Trip from Vegas,Grand Canyon South Rim Day Tour from Las Vegas,371.08,371.08,OK
48-hour-3-park-southwest-experience-canyon-bryce-zion,60136P76,no,si,48-Hour 3-Park Southwest Experience: Canyon Bryce Zion,Grand Canyon  Bryce and Zion Ultimate 3 Park Experience,338,338,OK
luxury-suv-grand-canyon-west-skywalk-day-trip-vegas,166735P3,no,si,Luxury SUV Grand Canyon West Skywalk Day Trip Vegas,Grand Canyon West Rim SUV Tour From Las Vegas With Lunch,499,499,OK
route-66-grand-canyon-caverns-underground-adventure-vegas,215651P1,no,si,Route 66 Grand Canyon Caverns Underground Adventure Vegas,Grand Canyon Caverns  Route 66 thru Crozier Canyon Tour,179,179,OK
colorado-river-whitewater-rafting-day-trip-from-vegas,5167SD,no,si,Colorado River Whitewater Rafting Day Trip from Vegas,Self-Drive 1-Day Grand Canyon Whitewater Rafting Tour,634.99,634.99,OK
south-rim-national-park-full-day-bus-tour-from-vegas,18262P1,no,si,South Rim National Park Full Day Bus Tour from Vegas,Grand Canyon National Park South Rim Bus Tour from Las Vegas,167,167,OK
west-rim-bus-tour-canyon-hoover-dam-experience,3951WESTDLX,no,si,West Rim Bus Tour: Canyon Hoover Dam Experience,Grand Canyon West Bus Tour with Hoover Dam and Optional Skywalk,150,150,OK
6-hour-hoover-dam-interior-bridge-experience-from-vegas,73781P6,no,si,6-Hour Hoover Dam Interior & Bridge Experience from Vegas,Small Group Hoover Dam: From Above  On Top and Below Tour,99.99,99.99,OK
ghost-town-gold-mine-adventure-with-hoover-dam-stop,110263P10,no,si,Ghost Town Gold Mine Adventure with Hoover Dam Stop,Small Group Ghost Town Gold Mine Tour with Hoover Dam Photo Stop,279,279,OK
6-hour-small-group-hoover-dam-power-plant-interior-tour,54567P2,no,si,6-Hour Small Group Hoover Dam Power Plant Interior Tour,Small Group Hoover Dam  Powerplant & O'Callahan Bridge Tour,125,125,OK
colorado-river-kayak-hot-springs-dam-base-adventure,39939P5,no,si,Colorado River Kayak: Hot Springs & Dam Base Adventure,Hoover Dam to Willow Beach Guided Full Day Tour,200,200,SOSPECHOSO
private-hoover-dam-interior-vegas-city-tour,5602P13,no,si,Private Hoover Dam Interior & Vegas City Tour,Exclusive: Private Tour of Las Vegas and the Hoover Dam,595,595,OK
hoover-dam-generator-room-tour-hot-breakfast-from-vegas,43493P3,no,si,Hoover Dam Generator Room Tour: Hot Breakfast from Vegas,Hoover Dam Tour from Las Vegas with Hot Breakfast,85,85,OK
4-hour-hoover-dam-top-walk-bridge-views-from-vegas,5534656P1,no,si,4-Hour Hoover Dam Top Walk & Bridge Views from Vegas,Hoover Dam Express Walk on Top Tour,79,79,OK
4-hour-colorado-river-raft-hoover-dam-base-swim,14684P4,no,si,4-Hour Colorado River Raft: Hoover Dam Base & Swim,Hoover Dam Raft Tour with Transport & Swim in Black Canyon,119,119,OK
hoover-dam-slingshot-adventure-vegas-trike-tour,17632P1,no,si,Hoover Dam Slingshot Adventure: Vegas Trike Tour,The Ultimate Vegas Adventure-Hoover Dam Experience,199,199,OK
hoover-dam-triple-experience-walk-interior-river-float,3533HOOVER,no,si,Hoover Dam Triple Experience: Walk  Interior & River Float,Hoover Dam Top-to-Bottom Tour—Dam Walk  Powerplant & River Float,293.45,293.45,OK
2-hour-self-guided-mojave-desert-atv-rental-vegas,378119P1,no,si,2-Hour Self-Guided Mojave Desert ATV Rental Vegas,Self-Guided Fear and Loathing ATV Rental,109,109,OK
willow-beach-emerald-cave-guided-kayak-tour,26719P1,no,si,Willow Beach Emerald Cave Guided Kayak Tour,Self-Drive Emerald Cave Guided Kayak Tour from Willow Beach,109,109,OK
ultimate-vegas-outdoor-shooting-with-auto-rifles,13920P2,no,si,Ultimate Vegas Outdoor Shooting with Auto Rifles,Ultimate Outdoor Shooting Experience in Las Vegas,160,160,OK
desert-machine-gun-experience-with-4-guns-and-lunch-vegas,126675P1,no,si,Desert Machine Gun Experience with 4 Guns and Lunch Vegas,4 Gun Desert Shooting Adventure with Lunch,199,199,OK
machine-gun-experience-with-military-humvee-vegas,10652P1,no,si,Machine Gun Experience with Military Humvee Vegas,Machine Gun Experience in Las Vegas,249.99,249.99,OK
gaming-inspired-shooting-range-adventure-las-vegas,10559P3,no,si,Gaming-Inspired Shooting Range Adventure Las Vegas,The Gamers Shooting Range Experience in Las Vegas,219,219,OK
2-hour-nellis-dunes-atv-desert-adventure-las-vegas,228252P1,no,si,2-Hour Nellis Dunes ATV Desert Adventure Las Vegas,Las Vegas Dunes ATV Tour,100,100,OK
3-hour-desert-machine-gun-shooting-with-strip-pickup,5607299P2,no,si,3-Hour Desert Machine Gun Shooting with Strip Pickup,Las Vegas Outdoor Machine Gun and Rifle Shooting with Shuttle,159,159,OK
4-hour-triple-cave-kayak-adventure-emerald-cave-vegas,477153P1,no,si,4-Hour Triple Cave Kayak Adventure Emerald Cave Vegas,Emerald Cave Half-Day Kayak Tour  a Triple Cave Adventure,109,109,OK
3-5-hour-willow-beach-emerald-cave-self-guided-kayak,26719P7,no,si,3.5-Hour Willow Beach Emerald Cave Self-Guided Kayak,Self-Guided Emerald Cave Kayak Rental at Willow Beach,79,79,OK
3-hour-mojave-desert-atv-ride-with-strip-shuttle-vegas,341595P1,no,si,3-Hour Mojave Desert ATV Ride with Strip Shuttle Vegas,Las Vegas Desert ATV Experience,109,109,OK
2-hour-nellis-dunes-atv-desert-ride-from-las-vegas,18018P10,no,si,2-Hour Nellis Dunes ATV Desert Ride from Las Vegas,Nellis Dunes ATV Tour from Las Vegas,95,95,OK
5-hour-ranch-horseback-adventure-with-breakfast-vegas,5052BREAKFAST,no,si,5-Hour Ranch Horseback Adventure with Breakfast Vegas,Morning Horseback Ride with Breakfast from Las Vegas,129.99,129.99,OK
6-hour-emerald-cave-self-guided-kayak-rental-vegas,170456P3,no,si,6-Hour Emerald Cave Self-Guided Kayak Rental Vegas,Emerald Cave Kayak Rental with Optional Vegas Shuttle,79,79,OK
6-5-hour-ghost-town-atv-adventure-with-gold-mine-vegas,3017RAIDERS,no,si,6.5-Hour Ghost Town ATV Adventure with Gold Mine Vegas,Old West ATV or RZR Adventure with Gold Mine Tour and Lunch,334,334,OK
nelson-ghost-town-atv-combo-adventure-from-las-vegas,3017P16,no,si,Nelson Ghost Town ATV Combo Adventure from Las Vegas,Ride The Past & Have a Blast: 1861 Ghost Town & ATV Tour,220,220,OK
3-hour-desert-sand-dune-atv-experience-las-vegas,3611P5,no,si,3-Hour Desert Sand Dune ATV Experience Las Vegas,Las Vegas Sand Dune ATV Tour in Las Vegas,174.64,174.64,OK
3-hour-can-am-utv-desert-ride-with-private-pickup-vegas,302925P2,no,si,3-Hour Can-Am UTV Desert Ride with Private Pickup Vegas,Off Road Desert Adventure in 2-Seater CanAm,329,329,SOSPECHOSO
private-utv-desert-drive-katherine-mine-vegas,107180P5,no,si,Private UTV Desert Drive Katherine Mine Vegas,Always Private Group You Drive UTV Off Road 3 Hours. Near Vegas,336.5,336.5,OK
desert-machine-gun-shooting-with-50-cal-barrett-vegas,126675P3,no,si,Desert Machine Gun Shooting with 50 Cal Barrett Vegas,Machine Gun Shooting Experience in Las Vegas with Lunch,239,239,OK
self-drive-jeep-mojave-desert-adventure-from-las-vegas,433878P5,no,si,Self-Drive Jeep Mojave Desert Adventure from Las Vegas,5 Hour Las Vegas Off-Road: Self Drive Jeep Mojave Adventure,320,320,OK
4-hour-climate-controlled-bronco-desert-drive-boathouse-cove,425382P1,no,si,4-Hour Climate-Controlled Bronco Desert Drive Boathouse Cove,Las Vegas Guided Off-Road Adventure to Boathouse Cove,199.5,199.5,OK
30-minute-thin-blue-line-indoor-shooting-las-vegas,218819P1,no,si,30-Minute Thin Blue Line Indoor Shooting Las Vegas,Thin Blue Line Shooting Range Package,130,130,OK
private-atv-desert-ride-las-vegas-adventure,393443P1,no,si,Private ATV Desert Ride Las Vegas Adventure,Private ATV Riding in Las Vegas,99,99,OK
2-hour-nellis-dunes-atv-desert-experience-las-vegas,7197P1,no,si,2-Hour Nellis Dunes ATV Desert Experience Las Vegas,Adventure Awaits: 2-Hour ATV Ride in the Nellis Dunes,130,130,OK
3-hour-eagle-s-nest-multi-gun-shooting-las-vegas,227219P1,no,si,3-Hour Eagle's Nest Multi-Gun Shooting Las Vegas,Eagle's Nest Shooting Experience,329,329,OK
lake-mead-atv-and-racing-track-combo-adventure-vegas,18018P9,no,si,Lake Mead ATV and Racing Track Combo Adventure Vegas,Lake Mead National Park ATV Tour to the Colorado River & Off-Road Racing Combo,704.26,704.26,OK
3-hour-mojave-desert-outdoor-shooting-range-las-vegas,10559P10,no,si,3-Hour Mojave Desert Outdoor Shooting Range Las Vegas,Outdoor Shooting Range Experience in Las Vegas,299,299,OK
valley-fire-self-drive-rock-crawler-jeep-adventure,191767P5,no,si,Valley Fire Self-Drive Rock Crawler Jeep Adventure,Valley Of Fire Best Off Road Jeep Tour with Lunch,432.5,432.5,OK
red-rock-canyon-self-guided-e-bike-experience-las-vegas,60124P1,no,si,Red Rock Canyon Self-Guided E-Bike Experience Las Vegas,Red Rock Canyon Self-Guided Electric Bike Tour,129,129,OK
red-rock-canyon-self-drive-electric-car-adventure-vegas,398496P3,no,si,Red Rock Canyon Self-Drive Electric Car Adventure Vegas,Red Rock Canyon Fun Scenic Self-Drive Adventure,105,105,OK
valley-of-fire-red-rock-canyon-combo-day-trip-las-vegas,256446P2,no,si,Valley of Fire Red Rock Canyon Combo Day Trip Las Vegas,Valley of Fire and Red Rock Canyon Day Tour from Las Vegas,148,148,OK
antelope-canyon-horseshoe-bend-full-day-trip-las-vegas,132218P5,no,si,Antelope Canyon Horseshoe Bend Full Day Trip Las Vegas,Lower Antelope Canyon and Horseshoe Bend Day Tour with Lunch,189,189,OK
red-rock-canyon-rocky-gap-4x4-off-road-jeep-adventure,3533P14,no,si,Red Rock Canyon Rocky Gap 4x4 Off-Road Jeep Adventure,Red Rock Canyon with Rocky Gap Road 4x4 Jeep Tour,156.3,156.3,OK
private-zion-photography-day-trip-from-las-vegas,110263P6,no,si,Private Zion Photography Day Trip from Las Vegas,Private Guided Photography & Walking Tour of Zion National Park,399,399,OK
red-rock-canyon-guided-hike-from-las-vegas,5109,SI,NO,Red Rock Canyon Guided Hike from Las Vegas,,129.99,,SIN_CORPUS
red-rock-canyon-small-group-desert-tour-las-vegas,5535922P3,no,si,Red Rock Canyon Small Group Desert Tour Las Vegas,Shared Tour in Red Rock Canyon,88.33,88.33,OK
seven-magic-mountains-las-vegas-sign-desert-art-tour,169224P5,no,si,Seven Magic Mountains Las Vegas Sign Desert Art Tour,California Desert  Seven Magic Mountains and Las Vegas Sign,59,59,OK
death-valley-guided-small-group-adventure-from-las-vegas,5602DVNPDT,no,si,Death Valley Guided Small Group Adventure from Las Vegas,Small-Group Death Valley National Park Day Tour from Las Vegas,279,279,OK
private-tecopa-hot-springs-desert-adventure-las-vegas,224423P6,no,si,Private Tecopa Hot Springs Desert Adventure Las Vegas,4-Hour Private Hidden Hot Springs Tour near Death Valley,175,175,OK
death-valley-national-park-adventure-las-vegas,73781P10,no,si,Death Valley National Park Adventure Las Vegas,Death Valley Small Group Day Tour From Las Vegas,164.99,164.99,OK
valley-of-fire-vip-desert-adventure-from-las-vegas,142926P3,no,si,Valley of Fire VIP Desert Adventure from Las Vegas,Valley of Fire/ Mojave Desert VIP Small Group Tour From Las Vegas,123.19,139.99,OK
valley-of-fire-small-group-hiking-experience-las-vegas,190492P2,no,si,Valley of Fire Small Group Hiking Experience Las Vegas,Valley of Fire Guided Hiking Tour From Las Vegas,149,149,OK
death-valley-sunset-stargazing-small-group-tour-las-vegas,73781P11,no,si,Death Valley Sunset Stargazing Small Group Tour Las Vegas,Death Valley Small Group Day Tour with Sunset and Stargazing,229.99,229.99,OK
route-66-ghost-towns-small-group-day-trip-from-vegas,447604P8,no,si,Route 66 Ghost Towns Small Group Day Trip from Vegas,Route 66  Oatman  Nelson Ghost Town SmallGroup Tour from LasVegas,169,169,OK
red-rock-canyon-electric-bike-half-day-adventure-vegas,5109P6,no,si,Red Rock Canyon Electric Bike Half Day Adventure Vegas,Half-Day Electric Bike Tour of Red Rock Canyon,119.99,119.99,OK
private-antelope-canyon-horseshoe-bend-exclusive-day-trip,60136P39,no,si,Private Antelope Canyon Horseshoe Bend Exclusive Day Trip,Private Upper or Lower Antelope Canyon & Horseshoe Bend Day Tour,1310,1430,OK
antelope-canyon-horseshoe-bend-golden-hour-day-trip-vegas,3857P6,no,si,Antelope Canyon Horseshoe Bend Golden Hour Day Trip Vegas,Guided Antelope Canyon & Horseshoe Bend Day Tour from Las Vegas,209,209,OK
bryce-yellowstone-tetons-7-day-camping-vegas-adventure,5602YNPRM7D,no,si,Bryce Yellowstone Tetons 7 Day Camping Vegas Adventure,7-Day Camping Tour: Bryce Canyon  Grand Tetons  Yellowstone from Las Vegas,1995,1995,OK
antelope-canyon-both-sections-day-trip-from-las-vegas,169224P1,no,si,Antelope Canyon Both Sections Day Trip from Las Vegas,Antelope Canyon & Horseshoe Bend Tour from Las Vegas with Lunch,269,269,OK
zion-bryce-canyon-small-group-day-trip-from-las-vegas,142926P6,no,si,Zion Bryce Canyon Small Group Day Trip from Las Vegas,Zion and Bryce Canyon National Park Small Group Tour,228.6,254,OK
red-rock-slingshot-bbq-pawn-stars-vegas-adventure,17632P10,no,si,Red Rock Slingshot BBQ Pawn Stars Vegas Adventure,The Ultimate Vegas Adventure- Red Rock Express Experience,160,160,OK
slingshot-trike-strip-red-rock-bbq-pawn-stars-vegas-tour,17632P6,no,si,Slingshot Trike Strip Red Rock BBQ Pawn Stars Vegas Tour,The Ultimate Vegas Adventure- Red Rock & Strip Experience,199,199,OK
zion-utah-red-rock-canyon-day-trip-from-las-vegas,369424P5,no,si,Zion Utah Red Rock Canyon Day Trip from Las Vegas,Zion National Park Day Trip from Las Vegas,179,179,OK
grand-canyon-heli-ranch-day-trip-from-las-vegas,336407P17,no,si,Grand Canyon Heli & Ranch Day Trip from Las Vegas,Grand Canyon Helicopter and Ranch Adventure by Luxury Vehicle,350,350,OK
grand-canyon-heli-ranch-adventure-with-landing-tour,5516P9,no,si,Grand Canyon Heli Ranch Adventure with Landing Tour,Grand Canyon Helicopter and Western Ranch Adventure Landing Tour,599,599,OK
extended-grand-canyon-west-rim-air-only-helicopter-tour,5516P6,no,si,Extended Grand Canyon West Rim Air-Only Helicopter Tour,Extended Grand Canyon West Rim Air-Only Helicopter Tour,549,549,OK
red-rock-canyon-sunset-heli-flight-with-champagne-landing,5847VNHT,no,si,Red Rock Canyon Sunset Heli Flight with Champagne Landing,Sunset Red Rock Canyon Helicopter Tour and Champagne Toast,286.13,286.13,OK
grand-canyon-heli-emerald-cave-kayak-combo-adventure,5516P10,no,si,Grand Canyon Heli & Emerald Cave Kayak Combo Adventure,Grand Canyon Helicopter Flight with Emerald Cave Kayak Tour,749,749,OK
grand-canyon-west-rim-aerial-tour-from-vegas,5516ST1,no,si,Grand Canyon West Rim Aerial Tour from Vegas,Grand Canyon West Rim Luxury Helicopter Tour from Las Vegas,499,499,OK
grand-canyon-west-rim-aerial-helicopter-flight,6613EAGLE,no,si,Grand Canyon West Rim Aerial Helicopter Flight,Grand Canyon West Rim Aerial Helicopter Tour,399,399,OK
grand-canyon-west-heli-flight-with-ground-time-skywalk,6613P16,no,si,Grand Canyon West Heli Flight with Ground Time & Skywalk,Grand Canyon West Helicopter Tour from Las Vegas with Optional Skywalk,564,564,OK
vegas-strip-night-helicopter-flight-with-downtown-views,6613STRIP,no,si,Vegas Strip Night Helicopter Flight with Downtown Views,Las Vegas Strip Highlights by Helicopter at Night,129,129,OK
las-vegas-pool-crawl-3-dayclubs-party-bus-transport,5526300P23,no,si,Las Vegas Pool Crawl: 3 Dayclubs + Party Bus Transport,Las Vegas: VIP Pool Crawl with Party Bus  Express Entry & Drinks,99,99,OK
vegas-club-crawl-2-premium-venues-party-bus-skip-line,343687P3,no,si,Vegas Club Crawl: 2 Premium Venues + Party Bus Skip-Line,Skip-the-Line at Vegas Clubs with a Party Bus!,80.75,80.75,OK
vegas-monster-party-bus-3-vip-clubs-strip-transport,441472P1,no,si,Vegas Monster Party Bus: 3 VIP Clubs + Strip Transport,Sin City Party Bus Club Crawl,79,79,SOSPECHOSO
mike-hammer-interactive-magic-four-queens-fremont-street,5305LASMS,no,si,Mike Hammer Interactive Magic Four Queens Fremont Street,Mike Hammer Comedy Magic Show at the Four Queens Hotel,37.5,37.5,OK
mat-franco-interactive-magic-show-linq-hotel-vegas,17428P1,no,si,Mat Franco Interactive Magic Show LINQ Hotel Vegas,Mat Franco Magic Reinvented Nightly at the LINQ Hotel and Casino,61.33,61.33,OK
classic-country-dinner-show-firelight-barn-henderson,177458P3,no,si,Classic Country Dinner Show Firelight Barn Henderson,"Classic Country" show & dinner at Firelight Barn in Henderson,49,49,OK
big-black-comedy-show-planet-hollywood-v-theater-vegas,3072P51,no,si,Big Black Comedy Show Planet Hollywood V Theater Vegas,Big Black Comedy Show at Planet Hollywood Resort and Casino,39,39,OK
candlelight-magic-show-intimate-theater-las-vegas,277735P6,no,si,Candlelight Magic Show Intimate Theater Las Vegas,Candlelight Magic Show: Up-Close with World-Class Magicians,65,65,OK
intimate-magic-cabaret-show-las-vegas-theater,277735P5,no,si,Intimate Magic Cabaret Show Las Vegas Theater,Magic Up Close Early Show at Las Vegas Magic Theater,39,39,OK
mac-king-afternoon-comedy-magic-show-excalibur-vegas,5156LASWIN,no,si,Mac King Afternoon Comedy Magic Show Excalibur Vegas,Mac King Comedy Magic Show at the Excalibur Hotel and Casino,36.02,36.02,OK
lioz-adult-comedy-magic-show-planet-hollywood-v-theater,3072P49,no,si,LIOZ Adult Comedy Magic Show Planet Hollywood V Theater,LIOZ: Comedy Magic Uncensored at Planet Hollywood Resort & Casino,29.99,29.99,OK
michael-jackson-one-cirque-du-soleil-show-mandalay-bay,5156LASMIC,no,si,Michael Jackson ONE Cirque du Soleil Show Mandalay Bay,Michael Jackson ONE by Cirque du Soleil® at Mandalay Bay Resort and Casino,82.63,117.57,OK
la-comedy-club-dragon-room-stand-up-show-strat-vegas,9412P2,no,si,LA Comedy Club Dragon Room Stand-Up Show STRAT Vegas,LA Comedy Club at The STRAT Hotel and Casino,47.91,47.91,OK
vegas-motor-speedway-supercar-drive-5-lap-track-day,7106P7,no,si,Vegas Motor Speedway Supercar Drive: 5-Lap Track Day,Exotic Car Driving Experience at the Las Vegas Motor Speedway,299,299,OK
vegas-chapel-wedding-30-min-ceremony-photos-package,66229P4,no,si,Vegas Chapel Wedding: 30-Min Ceremony & Photos Package,Las Vegas Wedding at The Little Vegas Chapel,299,299,OK
vegas-supercar-track-experience-exotic-drive,5214LASDRIVE,no,si,Vegas Supercar Track Experience: Exotic Drive,2-Hour Exotic Car Driving Experience in Las Vegas,299,299,OK
colin-cloud-mentalist-show-vegas-mind-reading-cabaret,5084P43,no,si,Colin Cloud Mentalist Show Vegas: Mind-Reading Cabaret,Colin Cloud Mastermind at Harrah's Hotel and Casino in Las Vegas,58.73,58.73,OK
vegas-desert-buggy-adventure-mojave-experience,341595P2,no,si,Vegas Desert Buggy Adventure: Mojave Experience,Las Vegas Desert Buggy Experience,150,150,OK
vegas-chapel-wedding-limo-package-photography,66229P1,no,si,Vegas Chapel Wedding: Limo Package & Photography,Las Vegas Wedding at The Little Vegas Chapel including Limousine Transportation,499,499,OK
vegas-giant-shopping-cart-experience-strip-ride,470339P1,no,si,Vegas Giant Shopping Cart Experience: Strip Ride,Giant Shopping Cart Limo Ride in Las Vegas,69,69,OK
private-strip-celebrity-chef-food-walk-7-tastings,7812P145,no,si,Private Strip Celebrity Chef Food Walk: 7 Tastings,Private Vegas Strip Celebrity Chef Food Tour with 7 Tastings,485,485,OK
bliss-chapel-vegas-wedding-luxury-package-transport,202878P1,no,si,Bliss Chapel Vegas Wedding: Luxury Package & Transport,Bliss Chapel Wedding & Vow Renewal Ceremony Package,449,449,OK
hidden-valley-rzr-adventure-desert-trail-ride,3501O0074,no,si,Hidden Valley RZR Adventure: Desert Trail Ride,Ultimate Hidden Valley and Primm RZR Adventure from Las Vegas,219.99,219.99,OK
arts-district-food-walk-vegas-local-eats-culture-tour,46865P9,no,si,Arts District Food Walk Vegas: Local Eats & Culture Tour,Arts District Eats: Food  Art & Culture Walking Tour in Las Vegas,124,124,OK
vegas-casino-gaming-lessons-real-table-training-downtown,324012P4,no,si,Vegas Casino Gaming Lessons: Real Table Training Downtown,Best Bet Gaming Lessons: Learn to Play Like the Pros,59,59,OK
vegas-strip-food-walk-local-eats-casino-tour,46865P5,no,si,Vegas Strip Food Walk: Local Eats & Casino Tour,Taste the Vegas Strip: A Local's Food Tour Experience,124,124,OK
vegas-artisan-donut-walk-downtown-fremont-street,15064P21,no,si,Vegas Artisan Donut Walk: Downtown & Fremont Street,Viva Las Donuts: The Ultimate Las Vegas Artisan Donut Tour,75,75,OK
vegas-elvis-wedding-bliss-chapel-strip-performance-package,202878P2,no,si,Vegas Elvis Wedding: Bliss Chapel Strip Performance Package,Bliss Chapel Elvis Weddings & Vow Renewal,469,469,OK
vegas-strip-scooter-food-tour-small-group-ride,22168P1,no,si,Vegas Strip Scooter & Food Tour: Small Group Ride,Las Vegas Strip and Downtown Scooter with Food Tour,379,379,OK
vegas-quick-marriage-license-signing-15-min-legal-service,101510P1,no,si,Vegas Quick Marriage License Signing: 15-Min Legal Service,Quickie Las Vegas Wedding at Paradise Wedding Chapel,65,65,SOSPECHOSO
vegas-elvis-wedding-sign-photos-immersive-chapel,433254P1,no,si,Vegas Elvis Wedding: Sign Photos & Immersive Chapel,Get Married: Elvis Wedding + Las Vegas Sign + Photography,299,299,OK
the-shed-escape-room-vegas-private-60-min-puzzle-game,222766P5,no,si,The Shed Escape Room Vegas: Private 60-Min Puzzle Game,The Shed Escape Game,40,40,OK
vegas-glass-art-workshop-torch-glassblowing-experience,147752P1,no,si,Vegas Glass Art Workshop: Torch Glassblowing Experience,An adventure in Glassblowing by Torch,75,75,OK
arte-museum-vegas-digital-art-tea-bar-experience,394991P1,no,si,ARTE Museum Vegas: Digital Art & Tea Bar Experience,ARTE Museum: Immersive Digital Art Experience in Las Vegas,50,50,OK
vegas-sphere-electric-car-tour-strip-downtown-drive,398496P5,no,si,Vegas Sphere Electric Car Tour: Strip & Downtown Drive,The Ultimate Vegas Nights Tour,85,85,OK
la-hollywood-day-trip-vegas-small-group-tour,50793P5,no,si,LA Hollywood Day Trip Vegas: Small Group Tour,Los Angeles and Hollywood Small Group Day Tour from Las Vegas,279.99,279.99,OK
big-apple-coaster-vegas-67mph-strip-thrill-ride,5156LASMEN,no,si,Big Apple Coaster Vegas: 67mph Strip Thrill Ride,The Big Apple Coaster at New York New York Hotel and Casino,20.52,20.52,OK
vegas-fight-gym-tour-4-legendary-training-facilities,10971P1,no,si,Vegas Fight Gym Tour: 4 Legendary Training Facilities,The Ultimate Las Vegas Fight Tour,249,249,OK
colorado-river-rzr-ghost-town-5-5hr-desert-adventure,3017P17,no,si,Colorado River RZR & Ghost Town: 5.5hr Desert Adventure,Colorado River Blast: Adrenaline RZR Tour + Ghost Town + Lunch,748,748,OK
punk-rock-museum-vegas-interactive-music-history-experience,5572861P1,no,si,Punk Rock Museum Vegas: Interactive Music History Experience,The Punk Rock Museum Admission Ticket in Las Vegas,39,39,OK
nostalgia-street-rods-museum-vegas-classic-car-collection,47865P2,no,si,Nostalgia Street Rods Museum Vegas: Classic Car Collection,Nostalgia Street Rods Museum Las Vegas: Skip-the-Line Ticket,20,20,OK
vegas-crime-history-tour-true-stories-evidence-walk,2434P1,no,si,Vegas Crime History Tour: True Stories & Evidence Walk,Vegas Crime Tour,124.95,124.95,OK
white-rock-canyon-hot-springs-hike-6hr-desert-adventure,5145,SI,NO,White Rock Canyon Hot Springs Hike: 6hr Desert Adventure,,185,,SIN_CORPUS
vegas-to-la-day-trip-santa-monica-hollywood-adventure,5522640P6,no,si,Vegas to LA Day Trip: Santa Monica Hollywood Adventure,Las Vegas to LA Day Tour Santa Monica Beverly Hills Hollywood,300,300,OK
hoover-dam-walk-on-top-tour-w-seven-magic-mountains,73781P5,no,si,Hoover Dam Walk-On-Top Tour w/ Seven Magic Mountains,Hoover Dam Walk-On-Top Tour w/ Seven Magic Mountains & Vegas Sign,79.99,79.99,OK
valley-of-fire-small-group-day-trip-from-las-vegas,132218P394,no,si,Valley of Fire Small Group Day Trip from Las Vegas,Small Group: Valley of Fire Half Day Tour from Las Vegas,99,99,OK
paranormal-mindreading-magic-show-horseshoe-las-vegas,5084LASPARA,no,si,Paranormal Mindreading Magic Show Horseshoe Las Vegas,Paranormal - The Mindreading Magic Show at Horseshoe Las Vegas,37.5,37.5,OK
2-day-grand-canyon-antelope-canyon-zion-multi-park-tour,73781P3,no,si,2-Day Grand Canyon Antelope Canyon Zion Multi-Park Tour,2 Day: Grand Canyon  Antelope Canyon  Horseshoe Bend  Zion Tour,399.99,399.99,OK
small-group-hoover-dam-seven-magic-mountains-day-trip,132218P623,no,si,Small Group Hoover Dam & Seven Magic Mountains Day Trip,Small Group Hoover Dam  7 Magic Mountain Half Day Express Tour,68,68,OK
hoover-dam-power-plant-interior-tour-from-las-vegas,3533P15,no,si,Hoover Dam Power Plant Interior Tour from Las Vegas,Hoover Dam Inside and Out,142.49,142.49,SOSPECHOSO
private-hoover-dam-boulder-city-historic-district-tour,60136P52,no,si,Private Hoover Dam & Boulder City Historic District Tour,Private Tour: Hoover Dam w/ Optional Generator Tour from Vegas,703,823,OK
4-hour-mojave-desert-rzr-off-road-adventure-vegas,32338P1,no,si,4-Hour Mojave Desert RZR Off-Road Adventure Vegas,Guided Mojave Desert Off Road RZR Adventure,114.99,114.99,OK
lower-antelope-canyon-horseshoe-bend-day-trip-las-vegas,73781P1,no,si,Lower Antelope Canyon Horseshoe Bend Day Trip Las Vegas,Small-Group Lower Antelope Canyon & Horseshoe Bend Tour w/ Lunch,229.99,229.99,OK
hoover-dam-strip-daytime-helicopter-flight,6613P29,no,si,Hoover Dam & Strip Daytime Helicopter Flight,Daytime Hoover Dam and Las Vegas Strip Helicopter Flight,214,214,OK
r-rated-magic-show-planet-hollywood-adult-entertainment,3072P58,no,si,R-Rated Magic Show Planet Hollywood Adult Entertainment,An R-Rated Magic Show at Planet Hollywood Resort and Casino,32,32,OK
downtown-vegas-walking-tour-fremont-street-casinos,6756FCCWT,no,si,Downtown Vegas Walking Tour: Fremont Street & Casinos,Las Vegas Downtown & Fremont Street - Guided Walking Tour,37,37,OK
pahrump-wine-tasting-day-trip-small-group-desert-escape,467700P1,no,si,Pahrump Wine Tasting Day Trip: Small Group Desert Escape,Scenic Wine Tasting Tour from Las Vegas with Food,154.5,154.5,OK
small-group-grand-canyon-west-7-magic-mountains-day-trip,132218P614,no,si,Small Group Grand Canyon West 7 Magic Mountains Day Trip,Small Group Grand Canyon West and 7 Magic Mountains Day Tour,178,178,OK
private-vip-west-rim-canyon-tour-vegas-with-meals,3431P9,no,si,Private VIP West Rim Canyon Tour Vegas with Meals,Private VIP Grand Canyon West Rim & Hoover Dam Tour with Meals,1265,1265,OK
grand-canyon-west-vip-coach-tour-meals-hoover-dam-vegas,3431P5,no,si,Grand Canyon West VIP Coach Tour Meals Hoover Dam Vegas,Grand Canyon West  Hoover Dam Stop  Breakfast  Lunch & Skywalk,94,94,OK
14-hour-south-rim-hoover-dam-route-66-combo-from-vegas,190492P4,no,si,14-Hour South Rim Hoover Dam Route 66 Combo from Vegas,Grand Canyon National Park  Hoover Dam  Route 66 from Las Vegas,209,209,OK
3-day-southwest-parks-zion-monument-valley-grand-canyon,5602P20,no,si,3-Day Southwest Parks: Zion Monument Valley Grand Canyon,Premium 3 Day Grand Canyon  Monument Valley  Horseshoe Bend  Zion,795,795,OK
canyon-bottom-colorado-river-adventure-route-66-vegas,472036P2,no,si,Canyon Bottom Colorado River Adventure Route 66 Vegas,Grand Canyon/Route 66 Journey to the Bottom,325,325,OK
17-hour-south-rim-antelope-canyon-horseshoe-bend-combo-vegas,305932P8,no,si,17-Hour South Rim Antelope Canyon Horseshoe Bend Combo Vegas,Grand Canyon South Rim  Antelope Canyon and Horseshoe Bend Tour,399,399,OK
spanish-grand-canyon-west-skywalk-hoover-dam-vip-day-tour,171491P1,no,si,Spanish Grand Canyon West Skywalk Hoover Dam VIP Day Tour,Grand Canyon Tour in Spanish with Skywalk and Hoover Dam included,249,249,OK
grand-canyon-west-hoover-dam-small-group-combo-with-meals,5119P23,no,si,Grand Canyon West Hoover Dam Small Group Combo with Meals,Grand Canyon West plus Hoover Dam VIP Day Tour from Las Vegas,397.99,397.99,OK
full-day-grand-canyon-west-eagle-point-guano-point-tour,3857P7,no,si,Full-Day Grand Canyon West Eagle Point Guano Point Tour,Grand Canyon West Rim Tour with Optional Skywalk,189,189,OK
north-rim-airplane-atv-adventure-canyon-experience,6338NORTH,no,si,North Rim Airplane ATV Adventure: Canyon Experience,Grand Canyon North Rim Tour by Airplane with ATV or 4x4 Ride,504,504,OK
17-hour-grand-canyon-antelope-horseshoe-bend-combo-vegas,343505P2,no,si,17-Hour Grand Canyon Antelope Horseshoe Bend Combo Vegas,Grand Canyon  Antelope Canyon  Horseshoe Bend Tour from Las Vegas,351,351,OK
grand-canyon-west-rim-full-day-bus-tour-hoover-dam-vegas,18262P2,no,si,Grand Canyon West Rim Full Day Bus Tour Hoover Dam Vegas,Grand Canyon West Rim Bus Tour + Optional Skywalk Tour,143,143,OK
9-hour-west-rim-joshua-tree-hoover-dam-small-group-combo,142926P5,no,si,9-Hour West Rim Joshua Tree Hoover Dam Small Group Combo,Small Group Grand Canyon  Hoover Dam and Joshua Tree Forest Tour,179,179,OK
72-hour-four-parks-southwest-adventure-from-las-vegas,3857WWD,no,si,72-Hour Four Parks Southwest Adventure from Las Vegas,3-Day Grand Canyon  Antelope  Bryce & Zion Tour from Vegas,620,620,OK
west-rim-airplane-tour-canyon-flight-from-vegas,6338VISIONARY,no,si,West Rim Airplane Tour: Canyon Flight from Vegas,Grand Canyon West Rim Scenic Plane Tour from Las Vegas,264,264,OK
black-canyon-kayak-adventure-colorado-river-trip,5145BCK,no,si,Black Canyon Kayak Adventure: Colorado River Trip,Hoover Dam and Black Canyon Full-Day Guided Kayak Tour,315,315,OK
3-hour-hoover-dam-mini-tour-small-group-vegas-experience,65770P2,no,si,3-Hour Hoover Dam Mini Tour: Small Group Vegas Experience,Award Winning 3-Hour Hoover Dam Small Group Mini Tour from Vegas,68,68,OK
5-stop-vegas-combo-red-rock-ghost-town-hoover-dam,142926P2,no,si,5-Stop Vegas Combo: Red Rock  Ghost Town & Hoover Dam,Red Rock Canyon  Hoover Dam  7 Magic Mountains  Nelson Ghost Town,150.41,169,OK
comedy-hoover-dam-tour-interior-access-show-tickets,3431HHD,no,si,Comedy Hoover Dam Tour: Interior Access & Show Tickets,Hoover Dam Comedy Tour with Lunch and Comedy Club Tickets,109.99,109.99,OK
5-hour-hoover-dam-interior-seven-magic-mountains-vip-tour,132218P622,no,si,5-Hour Hoover Dam Interior & Seven Magic Mountains VIP Tour,Small Group Seven Magic Mountains  Hoover Dam VIP Experience Tour,128,128,OK
vip-machine-gun-speedboat-combo-hoover-dam-water-views,126675P5,no,si,VIP Machine Gun & Speedboat Combo: Hoover Dam Water Views,VIP Ultimate Speed Boats and Machine Gun Shooting Adventure with Hoover Dam,599,599,OK
colorado-river-kayak-6-hot-springs-4-waterfalls,292084P2,no,si,Colorado River Kayak: 6 Hot Springs & 4 Waterfalls,Hoover Dam Kayaking Trip  6 Hot Springs  6 Caves  4 Waterfalls,293.04,293.04,OK
5-hour-lake-mead-kayak-hoover-dam-water-views,240046P8,no,si,5-Hour Lake Mead Kayak: Hoover Dam Water Views,Hoover Dam Discovery Kayak Tour with Lake Mead Views,189,189,OK
hoover-dam-bbq-experience-small-group-wildlife-tour,7496P14,no,si,Hoover Dam BBQ Experience: Small Group Wildlife Tour,Hoover Dam Small Group Tour with BBQ Lunch Experience,49,49,OK
5-hour-hoover-dam-emerald-cave-kayak-adventure,240046P12,no,si,5-Hour Hoover Dam & Emerald Cave Kayak Adventure,Emerald Cave Kayak + Hoover Dam Tour w/ Lunch & Las Vegas Shuttle,264.35,264.35,OK
2-day-black-canyon-kayak-camping-colorado-river-trip,5145P11,no,si,2-Day Black Canyon Kayak Camping: Colorado River Trip,Black Canyon and Hoover Dam 2-Day Kayak Camping Adventure,694,694,OK
private-hoover-dam-interior-tour-luxury-suv-from-vegas,166735P5,no,si,Private Hoover Dam Interior Tour: Luxury SUV from Vegas,Hoover Dam Private Tour BY Luxury SUV,209,209,OK
7-hour-black-canyon-kayak-tour-with-emerald-cave-vegas,240046P3,no,si,7-Hour Black Canyon Kayak Tour with Emerald Cave Vegas,Emerald Cave Kayak Tour with Lunch and Las Vegas Shuttle Option,162,162,OK
half-day-emerald-cave-kayak-with-hotel-pickup-vegas,26719P8,no,si,Half-Day Emerald Cave Kayak with Hotel Pickup Vegas,Half-Day Emerald Cave Kayak Tour with Optional Hotel Pickup,99,99,OK
mojave-desert-shooting-range-with-atv-combo-las-vegas,35263P5,no,si,Mojave Desert Shooting Range with ATV Combo Las Vegas,Outdoor Shooting Experience from Las Vegas with Optional ATV Tour,140,140,OK
4-hour-willow-beach-emerald-cave-guided-kayak-vegas,475178P1,no,si,4-Hour Willow Beach Emerald Cave Guided Kayak Vegas,Self-Drive Emerald Cave Kayak Tour-Guided Willow Beach Paddle,75,75,OK
red-rock-canyon-horseback-ride-with-bbq-dinner-vegas,5116,SI,NO,Red Rock Canyon Horseback Ride with BBQ Dinner Vegas,,199,,SIN_CORPUS
4-hour-racing-and-shooting-combo-adventure-las-vegas,35263P7,no,si,4-Hour Racing and Shooting Combo Adventure Las Vegas,Outdoor Shooting and Off-Road Racing Combo,514,514,OK
ladies-only-shooting-range-experience-machine-guns-vegas,10559P5,no,si,Ladies-Only Shooting Range Experience Machine Guns Vegas,Femme Fatale Shooting Range Experience in Las Vegas,159,159,OK
premium-sniper-rifle-experience-with-barrett-50-cal-vegas,13920P4,no,si,Premium Sniper Rifle Experience with Barrett 50 Cal Vegas,Sniper Experience Outdoor Shooting in Las Vegas,330,330,OK
4-5-hour-utv-desert-and-machine-gun-combo-adventure-vegas,13920P9,no,si,4.5-Hour UTV Desert and Machine Gun Combo Adventure Vegas,Off Road UTV and 3-Gun Shooting Package in Las Vegas,375,375,SOSPECHOSO
private-utv-mining-district-adventure-las-vegas,13920P12,no,si,Private UTV Mining District Adventure Las Vegas,Off Road UTV Adrenaline Experience in Las Vegas,240,240,SOSPECHOSO
3-hour-grey-wolf-military-shooting-range-las-vegas,227219P2,no,si,3-Hour Grey Wolf Military Shooting Range Las Vegas,Grey Wolf Shooting Experience,399,399,OK
3-hour-nelson-hills-atv-desert-ride-from-las-vegas,18018P18,no,si,3-Hour Nelson Hills ATV Desert Ride from Las Vegas,Nelson Hills Desert ATV Tour From Las Vegas,110,110,OK
night-desert-dune-buggy-chase-adventure-las-vegas,3611MBAD,no,si,Night Desert Dune Buggy Chase Adventure Las Vegas,Extreme Dune Buggy Night Chase from Las Vegas,722.84,722.84,OK
5-hour-wild-west-horseback-with-meal-las-vegas,5052P1,no,si,5-Hour Wild West Horseback with Meal Las Vegas,Las Vegas Horseback Ride with Meal,129.99,129.99,OK
moonlight-kayak-with-neon-lights-colorado-river-vegas,170456P4,no,si,Moonlight Kayak with Neon Lights Colorado River Vegas,Moonlight Kayak Tour—Sunset Paddle  Neon Lights & Shuttle Option,109,109,OK
mini-baja-desert-dune-buggy-chase-experience-vegas,3611MINI,no,si,Mini Baja Desert Dune Buggy Chase Experience Vegas,Mini Baja Chase Dune Buggy Adventure in Las Vegas,221.69,221.69,OK
pro-track-racing-adventure-with-coaching-las-vegas,104700P2,no,si,Pro Track Racing Adventure with Coaching Las Vegas,Off Road Racing: 5 Laps,405.79,405.79,SOSPECHOSO
8-hour-valley-of-fire-dune-buggy-desert-adventure-vegas,3611VAL,no,si,8-Hour Valley of Fire Dune Buggy Desert Adventure Vegas,Valley of Fire ATV  RZR  UTV or Dune Buggy Adventure,925.68,925.68,OK
valley-fire-atv-desert-adventure-with-lunch-las-vegas,65838P6,no,si,Valley Fire ATV Desert Adventure with Lunch Las Vegas,Valley of Fire 3-Hour ATV Tour from Las Vegas,199,199,OK
red-rock-canyon-scenic-loop-small-group-tour-las-vegas,159353P4,no,si,Red Rock Canyon Scenic Loop Small Group Tour Las Vegas,The "As Seen on TV" Panoramic Red Rock Canyon Scenic Loop Tour,105,105,OK
death-valley-sunset-stargazing-adventure-from-las-vegas,179338P11,no,si,Death Valley Sunset Stargazing Adventure from Las Vegas,Death Valley Sunset and Stargazing Tour from Las Vegas,249,249,OK
red-rock-canyon-mustang-trail-mountain-bike-tour-vegas,5109,SI,NO,Red Rock Canyon Mustang Trail Mountain Bike Tour Vegas,,149.99,,SIN_CORPUS
red-rock-canyon-self-drive-gocar-tour-las-vegas,377560P8,no,si,Red Rock Canyon Self-Drive GoCar Tour Las Vegas,Red Rock Canyon Talking GoCar Adventure — Fun  Self-Drive Tour,109,109,OK
death-valley-stargazing-day-night-adventure-las-vegas,110263P7,no,si,Death Valley Stargazing Day Night Adventure Las Vegas,Death Valley Day & Night Tour - Scenic Stops  Sunset & Stargazing,299,299,OK
red-rock-sunrise-self-guided-ebike-tour-las-vegas,60124P4,no,si,Red Rock Sunrise Self-Guided eBike Tour Las Vegas,Sunrise Red Rock Canyon Self-Guided Electric Bike Tour with Hotel Pick-up,154,154,OK
valley-of-fire-single-seater-utv-adventure-vegas,65838P9,no,si,Valley of Fire Single Seater UTV Adventure Vegas,Valley of Fire 3 Hour Single Seater UTV Longest Tour in Vegas!,299,299,OK
bryce-zion-two-parks-day-trip-from-las-vegas,60136P22,no,si,Bryce Zion Two Parks Day Trip from Las Vegas,Vegas: Bryce & Zion Luxury Boutique Scenic Tour with Lunch  WiFi,219,219,OK
seven-magic-mountains-las-vegas-sign-desert-tour,130144P16,no,si,Seven Magic Mountains Las Vegas Sign Desert Tour,California Desert  Seven Magic Mountains and Las Vegas Sign,49,49,OK
red-rock-canyon-road-bike-tour-from-las-vegas,5109,SI,NO,Red Rock Canyon Road Bike Tour from Las Vegas,,129.99,,SIN_CORPUS
valley-of-fire-small-group-desert-excursion-vegas,169224P2,no,si,Valley of Fire Small Group Desert Excursion Vegas,Valley of Fire Tour,119,119,OK
death-valley-guided-desert-excursion-las-vegas,5119P17,no,si,Death Valley Guided Desert Excursion Las Vegas,Death Valley Day Trip from Las Vegas,297.99,297.99,OK
valley-of-fire-2-person-utv-desert-adventure-las-vegas,65838P3,no,si,Valley of Fire 2-Person UTV Desert Adventure Las Vegas,Scenic Valley of Fire 2-Person UTV Tour in Las Vegas,399,399,OK
seven-magic-mountains-red-rock-desert-art-tour-vegas,130144P10,no,si,Seven Magic Mountains Red Rock Desert Art Tour Vegas,California Desert  Red Rock Views and Seven Magic Mountains,99,99,OK
death-valley-family-desert-adventure-small-group-vegas,447604P2,no,si,Death Valley Family Desert Adventure Small Group Vegas,Small Group Family Tour at the Death Valley from Las Vegas,199,199,OK
death-valley-rhyolite-ghost-town-small-group-day-trip-vegas,369424P1,no,si,Death Valley Rhyolite Ghost Town Small Group Day Trip Vegas,Small Group One Day Tour Death Valley National Park and Rhyolite Ghost Town,170,170,OK
zion-canyon-small-group-day-trip-from-las-vegas,5119P16,no,si,Zion Canyon Small Group Day Trip from Las Vegas,Small-Group Zion National Park Day Tour from Las Vegas,292.99,292.99,OK
utah-parks-shuttle-las-vegas-bryce-zion-st-george,60136P15,no,si,Utah Parks Shuttle Las Vegas Bryce Zion St George,Shuttle between Las Vegas  Bryce Canyon  Zion National Park and St George,25,25,OK
lake-mead-atv-adventure-with-grand-canyon-heli-option,18018P7,no,si,Lake Mead ATV Adventure with Grand Canyon Heli Option,ATV Tour of Lake Mead National Park with Optional Grand Canyon Helicopter Ride,350,350,OK
las-vegas-helicopter-wedding-ceremony-night-flight,5516LVWED,no,si,Las Vegas Helicopter Wedding Ceremony Night Flight,Las Vegas Night Flight Helicopter Wedding Ceremony,749.5,749.5,OK
spanish-grand-canyon-heli-boat-adventure-from-vegas,129718P3,no,si,Spanish Grand Canyon Heli & Boat Adventure from Vegas,Grand Canyon Tour In Spanish with Helicopter and Boat Ride,619,619,OK
west-rim-small-group-tour-with-optional-canyon-heli-flight,5119P13,no,si,West Rim Small Group Tour with Optional Canyon Heli Flight,Grand Canyon West Rim Small-Group Tour with Optional Helicopter,352.99,352.99,OK
grand-canyon-helicopter-wedding-with-limo-photos,2596GCWED,no,si,Grand Canyon Helicopter Wedding with Limo & Photos,Grand Canyon Helicopter Wedding,6200.99,6200.99,OK
grand-canyon-heli-colorado-river-adventure-combo,5516ST2,no,si,Grand Canyon Heli & Colorado River Adventure Combo,Grand Canyon Helicopter Tour and River Raft or Emerald Cave Kayak,749,749,OK
valley-of-fire-heli-landing-tour-with-strip-flyover,5516P12,no,si,Valley of Fire Heli Landing Tour with Strip Flyover,Valley of Fire Helicopter Tour and Landing with Champagne Toast,349,349,OK
strip-heli-flight-eiffel-tower-dinner-vip-experience,5516P8,no,si,Strip Heli Flight & Eiffel Tower Dinner VIP Experience,Helicopter Flight of the Las Vegas Strip with Eiffel Tower Dinner,349.99,349.99,OK
grand-canyon-west-plane-heli-floor-landing-adventure,6338VOYAGER,no,si,Grand Canyon West Plane & Heli Floor Landing Adventure,Grand Canyon West Plane  Helicopter  Boat with Optional Skywalk,659,659,OK
private-vegas-party-bus-20-person-luxury-rental,456222P1,no,si,Private Vegas Party Bus: 20-Person Luxury Rental,Private Party Bus Rental in Las Vegas,568,568,OK
vegas-multi-club-crawl-party-bus-express-entry,30080P1,no,si,Vegas Multi-Club Crawl: Party Bus + Express Entry,Las Vegas Club Crawl - Party Bus Tour,85,85,OK
vegas-nightclub-crawl-3-vip-venues-luxury-party-bus,11144P1,no,si,Vegas Nightclub Crawl: 3 VIP Venues + Luxury Party Bus,Las Vegas Nightclub or Pool Party Crawl with Luxury Party Bus,99,99,OK
masters-magic-show-vegas-theater-intimate-cabaret,277735P1,no,si,Masters Magic Show Vegas Theater Intimate Cabaret,Masters of Magic Show Located @ Las Vegas Blvd,65,65,OK
piff-magic-dragon-comedy-show-flamingo-vegas-theater,5084LASPIF,no,si,Piff Magic Dragon Comedy Show Flamingo Vegas Theater,Piff the Magic Dragon at the Flamingo Las Vegas,50.64,50.64,OK
zombie-burlesque-show-planet-hollywood-v-theater-vegas,3072LASZOM,no,si,Zombie Burlesque Show Planet Hollywood V Theater Vegas,Zombie Burlesque at Planet Hollywood Resort and Casino,49,49,OK
sinatra-live-tribute-show-alexis-park-las-vegas-theater,61034P38,no,si,Sinatra Live Tribute Show Alexis Park Las Vegas Theater,Sinatra Live! Frank Sinatra Tribute Show in Las Vegas,44.95,44.95,OK
australian-bee-gees-tribute-show-excalibur,5156LASBEE,no,si,Australian Bee Gees Tribute Show Excalibur,The Australian Bee Gees Show at the Excalibur Hotel and Casino,41.83,41.83,OK
magic-mike-live-interactive-dance-show-sahara-vegas,44350P1,no,si,Magic Mike Live Interactive Dance Show SAHARA Vegas,Magic Mike Live Las Vegas at SAHARA Las Vegas,82.67,82.67,OK
o-cirque-du-soleil-aquatic-theater-show-bellagio-vegas,5156LASO,no,si,O Cirque du Soleil Aquatic Theater Show Bellagio Vegas,O™ by Cirque du Soleil® at the Bellagio Hotel and Casino,160.3,160.3,OK
mad-apple-nyc-nightlife-cirque-show-new-york-new-york,5156P11,no,si,Mad Apple NYC Nightlife Cirque Show New York New York,Mad Apple by Cirque du Soleil at New York New York Hotel and Casino,74.27,74.27,OK
escape-room-adventure-las-vegas-60-min-forum-shops-game,256213P4,no,si,Escape Room Adventure Las Vegas: 60-Min Forum Shops Game,The Escape Game Las Vegas: 60-Minute Adventure at The Forum Shops,42.99,42.99,OK
vegas-hellcat-ride-along-2-lap-professional-drive,5214LASRIDE,no,si,Vegas Hellcat Ride-Along: 2-Lap Professional Drive,Drifting Ride-Along Experience in Las Vegas,99,99,OK
vegas-celebrity-chef-food-walk-strip-downtown-combo,7812P28,no,si,Vegas Celebrity Chef Food Walk: Strip & Downtown Combo,Las Vegas: The Strip's Celebrity Chefs Tour or Downtown Food Tour,139.99,139.99,OK
area15-escape-room-vegas-60-min-immersive-puzzle-game,5623010P1,no,si,AREA15 Escape Room Vegas: 60-Min Immersive Puzzle Game,The Escape Game at AREA15 in Las Vegas,42.99,42.99,OK
vegas-aerobatic-flight-extra-330-combat-experience,5278TOPGUN,no,si,Vegas Aerobatic Flight: Extra 330 Combat Experience,Extreme Flight Experience in Las Vegas,659,659,OK
fremont-east-food-walk-5-local-spots-downtown-secrets,46865P6,no,si,Fremont East Food Walk: 5 Local Spots & Downtown Secrets,Flavors of Fremont: Downtown Vegas Food Tour & Local Secrets,124,124,OK
original-vegas-walking-tour-fremont-street-history-walk,324012P3,no,si,Original Vegas Walking Tour: Fremont Street History Walk,Original Las Vegas: The Fremont Street Experience Walking Tour,44,44,OK
paradise-wedding-chapel-vegas-modern-30-min-ceremony,101510P2,no,si,Paradise Wedding Chapel Vegas: Modern 30-Min Ceremony,Las Vegas Wedding at Paradise Wedding Chapel,199,199,OK
vegas-sign-elvis-wedding-45-min-outdoor-ceremony,480672P3,no,si,Vegas Sign Elvis Wedding: 45-Min Outdoor Ceremony,Gold Elvis Wedding or Vow Renewal at Las Vegas Sign,98,98,OK
downtown-vegas-segway-evening-tour-neon-district-ride,6783P7,no,si,Downtown Vegas Segway Evening Tour: Neon District Ride,Downtown Las Vegas Evening Tour by Segway,79,79,OK
vegas-strip-electric-car-rental-self-drive-experience,398496P2,no,si,Vegas Strip Electric Car Rental: Self-Drive Experience,Las Vegas Strip Self-Drive Rental,57,57,OK
fremont-street-bar-crawl-3-drinks-local-gems-walk,324012P1,no,si,Fremont Street Bar Crawl: 3 Drinks & Local Gems Walk,Best Bars on Fremont: Happy Hour and Hidden Gems,99,99,OK
vegas-mentalist-show-gerry-mccambridge-mind-reading,3072LASMEN,no,si,Vegas Mentalist Show: Gerry McCambridge Mind Reading,The Mentalist at Planet Hollywood Resort and Casino,39,39,SOSPECHOSO
vegas-mob-history-walk-small-group-crime-stories-tour,2434MOB,no,si,Vegas Mob History Walk: Small Group Crime Stories Tour,The Vegas Mob Tour,124.95,124.95,OK
vegas-wine-tour-sommelier-luxury-bus-experience,5557709P1,no,si,Vegas Wine Tour: Sommelier & Luxury Bus Experience,Las Vegas Wine Tour Experience,399,399,OK
donny-osmond-vegas-show-harrah-s-residency-performance,5084LASDON,no,si,Donny Osmond Vegas Show: Harrah's Residency Performance,Donny Osmond at Harrahs Hotel and Casino Las Vegas,104.79,104.79,OK
mount-charleston-escape-cool-mountain-day-trip,130144P11,no,si,Mount Charleston Escape: Cool Mountain Day Trip,Mount Charleston Tour,109,109,OK
vegas-strip-small-group-walk-drink-hidden-gems-tour,5512054P7,no,si,Vegas Strip Small Group Walk: Drink & Hidden Gems Tour,Small Group Vegas Strip Walking Tour with Free Drink,49,49,OK
downtown-vegas-food-walk-5-local-spots-hidden-eats,6242P18,no,si,Downtown Vegas Food Walk: 5 Local Spots & Hidden Eats,Downtown Las Vegas Food Tour,99,99,OK
queen-selena-tribute-show-vegas-live-band-performance,61034P59,no,si,Queen Selena Tribute Show Vegas: Live Band Performance,Queen Selena: A Tribute to the Latin Pop Superstar in Las Vegas,44.95,44.95,OK
vegas-city-tour-strip-downtown-small-group,343505P10,no,si,Vegas City Tour: Strip & Downtown Small Group,Las Vegas City Tour with Hotel Pick Up,103,103,OK
vegas-red-light-district-walk-historic-downtown-sin-city,5496124P2,no,si,Vegas Red Light District Walk: Historic Downtown Sin City,Red Light District & Fremont Street Walking Tour  Las Vegas,52,52,OK
it-escape-room-vegas-multi-room-horror-puzzle-challenge,65629P2,no,si,IT Escape Room Vegas: Multi-Room Horror Puzzle Challenge,Escape IT: Las Vegas (The Sewers),55.99,55.99,OK
area-51-ufo-desert-tour-extraterrestrial-highway-adventure,5119P10,no,si,Area 51 UFO Desert Tour: Extraterrestrial Highway Adventure,Area 51 Day Tour from Las Vegas with Alien and UFO Hotspots,241.99,241.99,OK
vegas-mountain-picnic-private-romantic-desert-experience,224423P4,no,si,Vegas Mountain Picnic: Private Romantic Desert Experience,Romantic Picnic Date Night in the Las Vegas Mountains,175,175,OK
wayne-newton-vegas-show-intimate-80-min-flamingo-experience,5084LASWAY,no,si,Wayne Newton Vegas Show: Intimate 80-Min Flamingo Experience,Wayne Newton: Up Close and Personal at the Flamingo Las Vegas,89.22,89.22,OK
vegas-strip-limo-photo-tour-professional-photographer,6238P3,no,si,Vegas Strip Limo Photo Tour: Professional Photographer,Las Vegas Strip by SUV Stretch Limo with Personal Photographer,799.99,799.99,OK
count-s-kustoms-vip-car-tour-4hr-tv-shop-experience,7496P13,no,si,Count's Kustoms VIP Car Tour: 4hr TV Shop Experience,Count's Kustoms Deluxe Car Tour,79,79,OK
vegas-airport-escalade-transfer-private-luxury-service,40380P488,no,si,Vegas Airport Escalade Transfer: Private Luxury Service,RoundTrip Private Transfer Las Vegas by Luxury SUV Cadillac Escalade up to 5 pax,235.32,235.32,OK
witch-house-escape-room-vegas-puzzle-challenge,222766P6,no,si,Witch House Escape Room Vegas: Puzzle Challenge,Witch House Escape Room in Las Vegas,40,40,OK